epoch,train_mae
1,15.771919
2,5.722001
3,4.498927
