epoch,train_loss,train_dice,val_loss,val_dice,val_iou,lr
1,0.894296,0.028169,0.576284,0.000000,0.000000,9.99e-04
2,0.567644,0.038791,0.535520,0.250003,0.250003,9.96e-04
3,0.515390,0.037342,0.554539,0.032381,0.017311,9.91e-04
4,0.508408,0.104483,0.531158,0.250000,0.250000,9.84e-04
5,0.512451,0.073288,0.604345,0.070850,0.041242,9.76e-04
